1,01/2008,51-03/2008,2008-01-09 17:00:00,
1,01/2009,51-02/2009,2008-12-18 17:00:00,
1,01/2010,51-01/2010,2010-01-08 15:14:44,
1,01/2011,50-02/2011,2011-01-14 16:44:44,
1,01/2012,01-02/2012,2012-01-13 14:41:04,
1,01/2013,51-03/2013,2013-01-07 14:25:16,
1,01/2014,52-03/2014,2014-01-06 10:36:36,
1,01/2015,51-02/2015,2015-01-05 16:41:46,
1,01/2016,51-02/2016,2016-01-08 11:00:19,
1,01/2017,52-01/2017,2017-01-16 17:03:43,
1,01/2018,01-02/2018,2018-01-15 10:18:09,
1,01/2019,01-02/2019,2019-01-14 08:57:01,
1,01/2020,52-01/2020,2020-01-06 08:27:30,
1,01/2021,50-01/2021,2021-01-12 13:40:29,
1,01/2022,01-03/2022,2022-01-12 15:28:52,
1,01/2023,01-03/2023,2023-01-09 09:13:31,
1,01/2024,01-04/2024,2024-01-15 08:47:07,
1,01/2025,01-04/2025,2025-01-13 14:35:57,
1,02/2008,51-03/2008,2008-01-09 16:08:42,2008-01-09 11:34:31
1,02/2009,51-02/2009,2008-12-18 17:00:00,
1,02/2010,02-03/2010,2010-01-08 15:16:30,2010-01-08 15:16:46
1,02/2011,50-02/2011,2011-01-14 16:44:54,
1,02/2012,01-02/2012,2012-01-13 14:41:18,
1,02/2013,51-03/2013,2013-01-07 14:25:42,
1,02/2014,52-03/2014,2014-01-06 10:36:59,
1,02/2015,51-02/2015,2015-01-12 15:28:12,
1,02/2016,51-02/2016,2016-01-11 10:32:44,
1,02/2017,02-03/2017,2017-01-16 17:04:16,
1,02/2018,01-02/2018,2018-01-15 10:18:39,
1,02/2019,01-02/2019,2019-01-15 17:25:34,
1,02/2020,02-04/2020,2020-01-15 10:26:59,
1,02/2021,02-03/2021,2021-01-12 13:41:14,
1,02/2022,01-03/2022,2022-01-17 15:51:57,
1,02/2023,01-03/2023,2023-01-16 09:13:55,
1,02/2024,01-04/2024,2024-01-15 08:51:13,
1,02/2025,01-04/2025,2025-01-16 11:03:00,
1,03/2008,51-03/2008,2008-01-11 15:38:32,2008-01-17 14:33:14
1,03/2009,03/2009,2009-01-12 13:31:54,2009-01-13 11:20:13
1,03/2010,02-03/2010,2010-01-15 13:03:39,
1,03/2011,03-04/2011,2011-01-14 16:51:06,2011-01-14 16:51:24
1,03/2012,03/2012,2012-01-13 14:46:53,
1,03/2013,51-03/2013,2013-01-14 11:34:00,
1,03/2014,52-03/2014,2014-01-14 11:02:02,
1,03/2015,03-04/2015,2015-01-16 18:20:34,2015-01-16 18:33:17
1,03/2016,03-04/2016,2016-01-18 18:40:31,2016-01-18 18:48:46
1,03/2017,02-03/2017,2017-01-16 17:04:58,
1,03/2018,03-04/2018,2018-01-16 17:36:16,
1,03/2019,03-04/2019,2019-01-15 17:26:11,
1,03/2020,02-04/2020,2020-01-15 10:27:57,
1,03/2021,02-03/2021,2021-01-19 10:37:42,
1,03/2022,01-03/2022,2022-01-17 15:52:33,
1,03/2023,01-03/2023,2023-01-23 09:16:09,
1,03/2024,01-04/2024,2024-01-15 08:51:48,
1,03/2025,01-04/2025,2025-01-16 11:06:47,
1,04/2008,04-05/2008,2008-01-18 15:44:32,2008-01-18 15:44:52
1,04/2009,04/2009,2009-01-16 09:02:08,2009-01-16 10:23:09
1,04/2010,04-05/2010,2010-01-22 17:23:54,2010-01-22 17:25:37
1,04/2011,03-04/2011,2011-01-21 12:34:16,
1,04/2012,04-05/2012,2012-01-20 15:36:03,2012-01-20 17:31:11
1,04/2013,04-05/2013,2013-01-18 17:34:39,2013-01-18 17:56:43
1,04/2014,04-05/2014,2014-01-17 17:30:23,2014-01-17 18:07:30
1,04/2015,03-04/2015,2015-01-19 17:48:54,
1,04/2016,03-04/2016,2016-01-25 11:26:16,
1,04/2017,04/2017,2017-01-23 11:18:56,
1,04/2018,03-04/2018,2018-01-22 16:58:04,
1,04/2019,03-04/2019,2019-01-21 09:08:06,
1,04/2020,02-04/2020,2020-01-28 17:30:27,
1,04/2021,04-05/2021,2021-01-26 12:21:07,
1,04/2022,04-05/2022,2022-01-26 14:36:20,
1,04/2023,04-05/2023,2023-01-30 08:56:50,
1,04/2024,01-04/2024,2024-01-22 08:37:19,
1,04/2025,01-04/2025,2025-01-20 08:00:29,
1,05/2008,04-05/2008,2008-01-25 10:09:43,
1,05/2009,05-06/2009,2009-01-23 11:17:00,2009-01-23 11:28:24
1,05/2010,04-05/2010,2010-01-29 11:50:11,
1,05/2011,05-06/2011,2011-01-31 18:32:39,
1,05/2012,04-05/2012,2012-01-27 10:12:06,
1,05/2013,04-05/2013,2013-01-28 12:00:34,
1,05/2014,04-05/2014,2014-01-28 17:36:34,
1,05/2015,05/2015,2015-01-26 12:01:27,
1,05/2016,05-06/2016,2016-02-02 17:55:26,2016-02-02 18:05:38
1,05/2017,05-06/2017,2017-01-31 10:38:37,
1,05/2018,05-06/2018,2018-01-30 09:08:55,
1,05/2019,05-06/2019,2019-01-29 17:13:03,
1,05/2020,05-06/2020,2020-01-28 18:24:51,
1,05/2021,04-05/2021,2021-02-09 10:12:33,
1,05/2022,04-05/2022,2022-02-09 14:12:10,
1,05/2023,04-05/2023,2023-01-30 08:57:57,
1,05/2024,05-06/2024,2024-01-29 08:53:20,
1,05/2025,05-06/2025,2025-01-27 08:02:42,
1,06/2008,06-07/2008,2008-02-01 15:35:31,2008-02-01 15:36:19
1,06/2009,05-06/2009,2009-01-30 08:54:24,
1,06/2010,06-07/2010,2010-02-05 16:26:54,2010-02-05 16:27:33
1,06/2011,05-06/2011,2011-01-31 18:39:05,2011-01-31 18:39:32
1,06/2012,06-07/2012,2012-02-03 16:30:36,2012-02-03 18:13:36
1,06/2013,06-07/2013,2013-02-01 17:29:50,2013-02-01 17:33:13
1,06/2014,06-07/2014,2014-01-31 17:17:51,2014-01-31 17:34:57
1,06/2015,06-07/2015,2015-01-30 18:18:24,2015-01-30 18:31:43
1,06/2016,05-06/2016,2016-02-08 11:00:47,
1,06/2017,05-06/2017,2017-02-07 11:43:14,
1,06/2018,05-06/2018,2018-02-05 17:19:50,
1,06/2019,05-06/2019,2019-02-04 09:00:57,
1,06/2020,05-06/2020,2020-02-03 09:00:37,
1,06/2021,06-07/2021,2021-02-10 11:34:00,
1,06/2022,06-07/2022,2022-02-09 16:44:32,
1,06/2023,06-07/2023,2023-02-06 08:54:48,
1,06/2024,05-06/2024,2024-02-05 08:59:17,
1,06/2025,05-06/2025,2025-02-03 14:06:27,
1,07/2008,06-07/2008,2008-02-08 10:38:42,
1,07/2009,07-08/2009,2009-02-06 11:44:03,2009-02-06 11:45:47
1,07/2010,06-07/2010,2010-02-12 16:32:32,
1,07/2011,07-08/2011,2011-02-11 17:19:44,2011-02-11 17:20:06
1,07/2012,06-07/2012,2012-02-15 10:47:23,
1,07/2013,06-07/2013,2013-02-11 09:52:03,
1,07/2014,06-07/2014,2014-02-10 15:25:58,
1,07/2015,06-07/2015,2015-02-09 11:06:02,
1,07/2016,07-08/2016,2016-02-12 17:02:35,2016-02-12 17:04:49
1,07/2017,07-08/2017,2017-02-14 09:48:50,
1,07/2018,07-08/2018,2018-02-13 10:27:08,
1,07/2019,07-08/2019,2019-02-12 17:12:53,
1,07/2020,07-08/2020,2020-02-11 16:40:38,
1,07/2021,06-07/2021,2021-02-23 11:01:55,
1,07/2022,06-07/2022,2022-02-23 11:53:55,
1,07/2023,06-07/2023,2023-02-13 11:01:28,
1,07/2024,07-08/2024,2024-02-12 09:45:49,
1,07/2025,07-08/2025,2025-02-10 09:12:06,
1,08/2008,08-09/2008,2008-02-15 15:26:43,2008-02-15 15:34:35
1,08/2009,07-08/2009,2009-02-13 09:29:10,
1,08/2010,08-09/2010,2010-02-19 16:05:49,2010-02-19 16:06:31
1,08/2011,07-08/2011,2011-02-24 09:17:34,
1,08/2012,08-09/2012,2012-02-17 16:32:38,2012-02-17 17:39:27
1,08/2013,08-09/2013,2013-02-15 17:01:09,2013-02-15 17:03:24
1,08/2014,08-09/2014,2014-02-14 17:02:11,2014-02-14 17:28:31
1,08/2015,08-09/2015,2015-02-13 17:53:41,2015-02-13 17:55:12
1,08/2016,07-08/2016,2016-02-22 16:55:18,
1,08/2017,07-08/2017,2017-02-20 08:50:55,
1,08/2018,07-08/2018,2018-02-19 09:03:16,
1,08/2019,07-08/2019,2019-02-18 08:47:24,
1,08/2020,07-08/2020,2020-02-25 13:44:01,
1,08/2021,08-09/2021,2021-02-24 12:40:21,
1,08/2022,08-09/2022,2022-02-23 14:11:17,
1,08/2023,08-09/2023,2023-02-21 09:06:59,
1,08/2024,07-08/2024,2024-02-19 08:23:29,
1,08/2025,07-08/2025,2025-02-17 09:18:29,
1,09/2008,08-09/2008,2008-02-22 16:46:45,
1,09/2009,09-10/2009,2009-02-20 14:51:28,2009-02-20 14:55:10
1,09/2010,08-09/2010,2010-02-26 12:23:29,
1,09/2011,09-10/2011,2011-02-25 17:44:03,2011-02-25 17:44:24
1,09/2012,08-09/2012,2012-02-24 15:08:40,
1,09/2013,08-09/2013,2013-02-25 09:51:22,
1,09/2014,08-09/2014,2014-02-24 14:44:01,
1,09/2015,08-09/2015,2015-02-23 11:20:22,
1,09/2016,09-10/2016,2016-02-29 18:27:45,2016-02-29 18:39:50
1,09/2017,09-10/2017,2017-02-27 16:11:16,
1,09/2018,09-10/2018,2018-02-28 08:28:41,
1,09/2019,09-10/2019,2019-02-26 20:00:37,
1,09/2020,09-10/2020,2020-02-25 18:34:50,
1,09/2021,08-09/2021,2021-03-04 08:30:44,
1,09/2022,08-09/2022,2022-03-02 14:19:05,
1,09/2023,08-09/2023,2023-02-27 08:46:50,
1,09/2024,09-10/2024,2024-02-26 15:45:52,
1,09/2025,09-10/2025,2025-02-27 14:23:53,
1,10/2008,10-11/2008,2008-02-29 15:44:28,2008-02-29 16:28:24
1,10/2009,09-10/2009,2009-02-27 09:23:39,
1,10/2010,10-11/2010,2010-03-05 15:51:37,2010-03-05 15:52:09
1,10/2011,09-10/2011,2011-03-01 15:16:46,2011-03-04 14:45:25
1,10/2012,10-11/2012,2012-03-02 17:32:48,2012-03-02 18:11:49
1,10/2013,10-11/2013,2013-03-01 17:01:49,2013-03-01 17:15:43
1,10/2014,10-11/2014,2014-02-28 17:47:02,2014-02-28 18:21:55
1,10/2015,10-11/2015,2015-02-27 17:45:49,2015-02-27 17:51:09
1,10/2016,09-10/2016,2016-03-07 10:17:35,
1,10/2017,09-10/2017,2017-03-06 10:05:05,
1,10/2018,09-10/2018,2018-03-05 09:52:49,
1,10/2019,09-10/2019,2019-03-04 08:42:15,
1,10/2020,09-10/2020,2020-03-02 09:50:30,
1,10/2021,10-11/2021,2021-03-10 09:33:36,
1,10/2022,10-11/2022,2022-03-09 10:57:01,
1,10/2023,10-11/2023,2023-03-06 08:54:03,
1,10/2024,09-10/2024,2024-03-04 08:17:12,
1,10/2025,09-10/2025,2025-03-03 08:30:25,
1,11/2008,10-11/2008,2008-03-07 13:55:54,
1,11/2009,11-12/2009,2009-03-06 16:47:14,
1,11/2010,10-11/2010,2010-03-10 17:18:27,
1,11/2011,11-12/2011,2011-03-11 18:17:43,2011-03-11 18:18:48
1,11/2012,10-11/2012,2012-03-12 09:29:53,
1,11/2013,10-11/2013,2013-03-11 10:24:51,
1,11/2014,10-11/2014,2014-03-11 10:47:03,
1,11/2015,10-11/2015,2015-03-09 12:24:08,
1,11/2016,11-12/2016,2016-03-15 17:10:40,2016-03-15 18:01:11
1,11/2017,11-12/2017,2017-03-14 09:25:22,
1,11/2018,11-12/2018,2018-03-13 08:32:35,
1,11/2019,11-12/2019,2019-03-12 17:26:57,
1,11/2020,11-12/2020,2020-03-10 16:59:16,
1,11/2021,10-11/2021,2021-03-22 15:09:12,
1,11/2022,10-11/2022,2022-03-14 13:40:34,
1,11/2023,10-11/2023,2023-03-13 08:53:04,
1,11/2024,11-12/2024,2024-03-11 08:52:47,
1,11/2025,11-12/2025,2025-03-10 08:48:40,
1,12/2008,12-13/2008,2008-03-14 15:04:22,2008-03-28 11:16:04
1,12/2009,11-12/2009,2009-03-13 11:35:21,
1,12/2010,12-13/2010,2010-03-19 15:48:47,2010-03-19 15:54:19
1,12/2011,11-12/2011,2011-03-17 11:07:54,
1,12/2012,12-13/2012,2012-03-16 17:09:25,2012-03-16 17:58:42
1,12/2013,12-14/2013,2013-03-15 18:29:53,2013-03-15 18:31:29
1,12/2014,12-13/2014,2014-03-14 19:36:41,2014-03-14 20:22:13
1,12/2015,12-13/2015,2015-03-13 17:33:25,2015-03-13 18:03:00
1,12/2016,11-12/2016,2016-03-21 11:20:50,
1,12/2017,11-12/2017,2017-03-20 08:35:28,
1,12/2018,11-12/2018,2018-03-19 08:53:15,
1,12/2019,11-12/2019,2019-03-19 08:46:37,
1,12/2020,11-12/2020,2020-03-16 10:20:41,
1,12/2021,12-14/2021,2021-03-24 13:03:30,
1,12/2022,12-13/2022,2022-03-23 14:16:11,
1,12/2023,12-13/2023,2023-03-20 08:47:11,
1,12/2024,11-12/2024,2024-03-18 08:37:05,
1,12/2025,11-12/2025,2025-03-17 08:05:14,
1,13/2008,12-13/2008,2008-03-28 12:31:39,
1,13/2009,13-14/2009,2009-03-20 11:36:33,2009-03-20 11:43:33
1,13/2010,12-13/2010,2010-03-26 16:17:53,
1,13/2011,13-14/2011,2011-03-25 18:01:43,2011-03-25 18:39:01
1,13/2012,12-13/2012,2012-03-27 15:43:53,
1,13/2013,12-14/2013,2013-03-25 11:50:45,
1,13/2014,12-13/2014,2014-03-27 17:59:47,
1,13/2015,12-13/2015,2015-03-23 11:32:12,
1,13/2016,13-14/2016,2016-03-29 17:25:00,2016-03-29 17:29:01
1,13/2017,13-14/2017,2017-03-28 08:42:49,
1,13/2018,13-15/2018,2018-03-27 16:55:54,
1,13/2019,13-14/2019,2019-03-26 17:17:42,
1,13/2020,13-14/2020,2020-03-24 18:07:43,
1,13/2021,12-14/2021,2021-03-29 09:49:57,
1,13/2022,12-13/2022,2022-04-04 15:44:21,
1,13/2023,12-13/2023,2023-03-27 09:00:42,
1,13/2024,13-15/2024,2024-03-25 09:02:57,
1,13/2025,13-15/2025,2025-03-24 09:16:52,
1,14/2008,14-15/2008,2008-03-28 12:32:05,2008-04-04 17:47:05
1,14/2009,13-14/2009,2009-03-26 17:44:34,
1,14/2010,14-15/2010,2010-03-30 16:02:14,2010-03-30 16:06:00
1,14/2011,13-14/2011,2011-03-31 09:42:41,
1,14/2012,14-15/2012,2012-03-30 17:57:30,2012-03-30 18:08:31
1,14/2013,12-14/2013,2013-04-02 10:40:45,
1,14/2014,14-15/2014,2014-03-28 20:13:41,2014-03-28 21:16:10
1,14/2015,14-15/2015,2015-03-30 12:32:14,2015-03-30 12:35:41
1,14/2016,13-14/2016,2016-04-04 11:23:59,
1,14/2017,13-14/2017,2017-04-03 08:51:09,
1,14/2018,13-15/2018,2018-04-09 08:25:39,
1,14/2019,13-14/2019,2019-04-01 08:39:38,
1,14/2020,13-14/2020,2020-03-30 08:19:21,
1,14/2021,12-14/2021,2021-04-12 17:18:04,
1,14/2022,14-16/2022,2022-04-06 13:46:06,
1,14/2023,14-16/2023,2023-04-03 09:15:25,
1,14/2024,13-15/2024,2024-04-02 08:19:55,
1,14/2025,13-15/2025,2025-04-07 08:20:04,
1,15/2008,14-15/2008,2008-04-11 14:00:19,
1,15/2009,15-17/2009,2009-04-03 10:32:06,2009-04-03 10:53:17
1,15/2010,14-15/2010,2010-04-09 15:35:38,
1,15/2011,15-16/2011,2011-04-08 17:52:15,2011-04-08 17:52:47
1,15/2012,14-15/2012,2012-04-10 13:49:05,
1,15/2013,15-16/2013,2013-04-05 17:47:39,2013-04-05 17:52:44
1,15/2014,14-15/2014,2014-04-07 10:32:01,
1,15/2015,14-15/2015,2015-04-07 16:44:42,
1,15/2016,15-16/2016,2016-04-11 17:39:47,2016-04-11 17:43:38
1,15/2017,15-16/2017,2017-04-10 14:52:42,
1,15/2018,13-15/2018,2018-04-09 08:26:00,
1,15/2019,15-17/2019,2019-04-09 21:24:51,
1,15/2020,15-16/2020,2020-04-07 23:35:37,
1,15/2021,15-16/2021,2021-04-14 14:46:47,
1,15/2022,14-16/2022,2022-04-21 17:09:05,
1,15/2023,14-16/2023,2023-04-11 08:34:58,
1,15/2024,13-15/2024,2024-04-08 08:44:55,
1,15/2025,13-15/2025,2025-04-07 08:21:46,
1,16/2008,16-17/2008,2008-04-11 15:31:49,2008-04-11 15:32:31
1,16/2009,15-17/2009,2009-04-24 14:54:10,
1,16/2010,16-17/2010,2010-04-16 18:04:33,2010-04-16 18:35:31
1,16/2011,15-16/2011,2011-04-14 09:15:22,
1,16/2012,16-17/2012,2012-04-13 15:36:35,2012-04-13 15:44:58
1,16/2013,15-16/2013,2013-04-15 16:38:47,
1,16/2014,16-17/2014,2014-04-11 16:51:57,2014-04-11 17:01:03
1,16/2015,16-17/2015,2015-04-10 18:25:38,2015-04-10 18:32:49
1,16/2016,15-16/2016,2016-04-18 15:19:34,
1,16/2017,15-16/2017,2017-04-25 08:38:59,
1,16/2018,16-17/2018,2018-04-17 13:32:13,
1,16/2019,15-17/2019,2019-04-15 14:00:59,
1,16/2020,15-16/2020,2020-04-14 14:39:38,
1,16/2021,15-16/2021,2021-04-19 11:33:26,
1,16/2022,14-16/2022,2022-04-21 17:11:03,
1,16/2023,14-16/2023,2023-04-17 08:26:01,
1,16/2024,16-17/2024,2024-04-15 08:51:25,
1,16/2025,16-18/2025,2025-04-16 15:23:00,
1,17/2008,16-17/2008,2008-04-18 14:32:30,2008-04-21 17:00:39
1,17/2009,15-17/2009,2009-04-24 14:55:08,
1,17/2010,16-17/2010,2010-04-23 08:15:52,
1,17/2011,17-18/2011,2011-04-21 18:14:11,2011-04-21 18:14:22
1,17/2012,16-17/2012,2012-04-19 17:30:11,
1,17/2013,17-18/2013,2013-04-19 18:06:04,2013-04-19 18:11:35
1,17/2014,16-17/2014,2014-04-22 16:46:39,
1,17/2015,16-17/2015,2015-04-20 11:18:19,
1,17/2016,17-18/2016,2016-04-26 16:36:30,2016-04-26 17:16:10
1,17/2017,17-18/2017,2017-04-25 08:39:37,
1,17/2018,16-17/2018,2018-04-30 09:20:09,
1,17/2019,15-17/2019,2019-04-23 08:38:55,
1,17/2020,17-18/2020,2020-04-21 20:01:30,
1,17/2021,17-18/2021,2021-04-28 09:48:27,
1,17/2022,17-18/2022,2022-04-27 11:36:09,
1,17/2023,17-18/2023,2023-04-24 07:59:42,
1,17/2024,16-17/2024,2024-04-22 10:21:09,
1,17/2025,16-18/2025,2025-04-25 16:12:51,
1,18/2008,18-19/2008,2008-04-25 14:43:41,2008-04-25 14:44:33
1,18/2009,18-19/2009,2009-04-24 14:55:31,2009-04-24 14:57:06
1,18/2010,18-20/2010,2010-04-30 15:57:02,2010-04-30 15:57:20
1,18/2011,17-18/2011,2011-04-29 10:27:38,
1,18/2012,18-19/2012,2012-04-27 16:32:56,2012-04-27 16:53:43
1,18/2013,17-18/2013,2013-04-29 09:58:01,
1,18/2014,18-19/2014,2014-04-25 16:45:17,2014-04-25 17:07:45
1,18/2015,18-19/2015,2015-04-24 17:07:43,2015-04-24 17:14:31
1,18/2016,17-18/2016,2016-05-02 16:06:01,
1,18/2017,17-18/2017,2017-05-02 08:37:56,
1,18/2018,18-19/2018,2018-05-02 11:12:50,
1,18/2019,18-19/2019,2019-04-30 13:58:47,
1,18/2020,17-18/2020,2020-04-28 13:58:10,
1,18/2021,17-18/2021,2021-05-10 13:43:31,
1,18/2022,17-18/2022,2022-05-09 16:17:01,
1,18/2023,17-18/2023,2023-05-02 08:44:43,
1,18/2024,18-19/2024,2024-04-29 08:45:41,
1,18/2025,16-18/2025,2025-04-28 08:57:07,
1,19/2008,18-19/2008,2008-05-09 14:18:19,
1,19/2009,18-19/2009,2009-04-30 18:20:26,
1,19/2010,18-20/2010,2010-05-07 17:01:10,
1,19/2011,19-20/2011,2011-05-06 18:06:19,2011-05-06 18:08:10
1,19/2012,18-19/2012,2012-05-07 12:00:32,
1,19/2013,19-20/2013,2013-05-03 17:35:05,2013-05-03 17:44:00
1,19/2014,18-19/2014,2014-05-05 10:12:28,
1,19/2015,18-19/2015,2015-05-04 11:10:38,
1,19/2016,19/2016,2016-05-09 11:28:14,
1,19/2017,19-20/2017,2017-05-09 08:57:04,
1,19/2018,18-19/2018,2018-05-07 08:33:11,
1,19/2019,18-19/2019,2019-05-06 10:27:32,
1,19/2021,19-20/2021,2021-05-12 09:40:52,
1,19/2022,19-20/2022,2022-05-11 12:08:00,
1,19/2023,19-20/2023,2023-05-08 08:48:35,
1,19/2024,18-19/2024,2024-05-06 08:25:32,
1,19/2025,19-20/2025,2025-05-07 15:26:20,
1,20/2008,20-21/2008,2008-05-09 14:19:18,2008-05-09 14:19:55
1,20/2009,20-21/2009,2009-05-08 14:16:12,2009-05-08 14:16:46
1,20/2010,18-20/2010,2010-05-12 16:32:28,
1,20/2011,19-20/2011,2011-05-12 14:25:57,
1,20/2012,20-21/2012,2012-05-11 17:51:11,2012-05-11 17:51:49
1,20/2013,19-20/2013,2013-05-13 15:22:40,
1,20/2014,20-21/2014,2014-05-09 18:31:23,2014-05-09 18:48:52
1,20/2015,20-21/2015,2015-05-08 16:40:16,2015-05-08 16:46:36
1,20/2016,20-21/2016,2016-05-17 18:51:29,2016-05-17 18:55:06
1,20/2017,19-20/2017,2017-05-15 08:54:03,
1,20/2018,20-21/2018,2018-05-15 11:02:36,
1,20/2019,20-21/2019,2019-05-14 17:10:11,
1,20/2020,20-21/2020,2020-05-12 21:10:43,
1,20/2021,19-20/2021,2021-05-17 11:26:32,
1,20/2022,19-20/2022,2022-05-17 09:15:50,
1,20/2023,19-20/2023,2023-05-15 08:55:27,
1,20/2024,20-21/2024,2024-05-13 13:44:44,
1,20/2025,19-20/2025,2025-05-12 07:55:37,
1,21/2008,20-21/2008,2008-05-16 14:48:27,
1,21/2009,20-21/2009,2009-05-15 09:11:25,
1,21/2010,21-22/2010,2010-05-21 17:41:20,2010-05-21 17:41:45
1,21/2011,21-23/2011,2011-05-23 15:47:57,2011-05-23 15:48:40
1,21/2012,20-21/2012,2012-05-21 08:48:57,
1,21/2013,21-22/2013,2013-05-17 17:51:19,2013-05-17 17:53:47
1,21/2014,20-21/2014,2014-05-19 16:12:49,
1,21/2015,20-21/2015,2015-05-19 10:02:02,
1,21/2016,20-21/2016,2016-05-23 12:32:49,
1,21/2017,21-22/2017,2017-05-22 16:39:16,
1,21/2018,20-21/2018,2018-05-28 17:03:59,
1,21/2019,20-21/2019,2019-05-20 10:15:43,
1,21/2020,20-21/2020,2020-05-18 11:30:09,
1,21/2021,21-22/2021,2021-05-26 17:28:32,
1,21/2022,21-22/2022,2022-05-25 08:44:16,
1,21/2023,21-22/2023,2023-05-22 09:01:42,
1,21/2024,20-21/2024,2024-05-21 08:32:07,
1,21/2025,21-22/2025,2025-05-21 10:28:41,
1,22/2008,22-23/2008,2008-05-23 14:19:27,2008-05-23 14:19:55
1,22/2009,22-23/2009,2009-05-22 18:25:14,2009-05-22 18:29:19
1,22/2010,21-22/2010,2010-05-28 18:40:47,
1,22/2011,21-23/2011,2011-05-27 11:58:50,
1,22/2012,22-23/2012,2012-05-25 17:39:31,2012-05-25 17:42:58
1,22/2013,21-22/2013,2013-05-27 10:01:52,
1,22/2014,22-23/2014,2014-05-23 18:03:19,2014-05-23 19:11:34
1,22/2015,22-23/2015,2015-05-22 17:07:02,2015-05-22 18:21:34
1,22/2016,22-23/2016,2016-05-31 10:25:12,2016-05-31 10:29:49
1,22/2017,21-22/2017,2017-05-29 08:34:04,
1,22/2018,22-23/2018,2018-05-29 14:26:20,
1,22/2019,22-23/2019,2019-05-30 21:25:36,
1,22/2020,22-23/2020,2020-05-26 21:41:51,
1,22/2021,21-22/2021,2021-05-31 11:35:39,
1,22/2022,21-22/2022,2022-05-30 10:19:20,
1,22/2023,21-22/2023,2023-05-29 18:16:26,
1,22/2024,22-23/2024,2024-05-27 09:25:12,
1,22/2025,21-22/2025,2025-05-26 07:52:14,
1,23/2008,22-23/2008,2008-05-30 15:10:41,
1,23/2009,22-23/2009,2009-05-28 17:13:07,
1,23/2010,23-24/2010,2010-06-04 17:39:18,2010-06-04 17:39:34
1,23/2011,21-23/2011,2011-06-09 09:05:58,
1,23/2012,22-23/2012,2012-06-04 11:47:53,
1,23/2013,23-24/2013,2013-05-31 17:21:37,2013-05-31 17:43:45
1,23/2014,22-23/2014,2014-06-03 09:57:50,
1,23/2015,22-23/2015,2015-06-01 12:18:01,
1,23/2016,22-23/2016,2016-06-06 10:40:51,
1,23/2017,23-24/2017,2017-06-06 18:00:52,
1,23/2018,22-23/2018,2018-06-04 08:49:29,
1,23/2019,22-23/2019,2019-06-06 11:12:00,
1,23/2020,22-23/2020,2020-06-02 10:05:46,
1,23/2021,23-24/2021,2021-06-09 12:19:04,
1,23/2022,23-24/2022,2022-06-08 15:58:25,
1,23/2023,23-24/2023,2023-06-05 08:52:39,
1,23/2024,22-23/2024,2024-06-03 08:33:22,
1,23/2025,23-24/2025,2025-06-02 09:31:54,
1,24/2008,24-25/2008,2008-06-06 16:06:18,2008-06-06 16:07:58
1,24/2009,24-25/2009,2009-06-05 15:54:32,2009-06-05 15:55:00
1,24/2010,23-24/2010,2010-06-11 15:00:05,
1,24/2011,24-25/2011,2011-06-10 18:24:40,2011-06-10 18:27:48
1,24/2012,24-25/2012,2012-06-08 17:24:36,2012-06-08 17:28:33
1,24/2013,23-24/2013,2013-06-10 10:28:04,
1,24/2014,24-25/2014,2014-06-06 18:20:33,2014-06-06 18:34:30
1,24/2015,24-25/2015,2015-06-05 18:08:23,2015-06-05 18:14:43
1,24/2016,24-25/2016,2016-06-14 12:28:32,2016-06-14 12:47:55
1,24/2017,23-24/2017,2017-06-12 08:47:35,
1,24/2018,24-25/2018,2018-06-12 10:34:31,
1,24/2019,24-25/2019,2019-06-12 16:00:04,
1,24/2020,24-25/2020,2020-06-09 21:11:22,
1,24/2021,23-24/2021,2021-06-14 09:36:59,
1,24/2022,23-24/2022,2022-06-13 14:40:41,
1,24/2023,23-24/2023,2023-06-12 08:45:18,
1,24/2024,24-25/2024,2024-06-10 08:54:40,
1,24/2025,23-24/2025,2025-06-10 11:28:09,
1,25/2008,24-25/2008,2008-06-13 17:40:24,
1,25/2009,24-25/2009,2009-06-12 09:25:37,
1,25/2010,25-26/2010,2010-06-18 17:23:24,2010-06-18 17:26:19
1,25/2011,24-25/2011,2011-06-20 09:19:42,
1,25/2012,24-25/2012,2012-06-18 14:56:40,
1,25/2013,25-26/2013,2013-06-14 17:40:51,2013-06-14 17:42:13
1,25/2014,24-25/2014,2014-06-16 10:14:42,
1,25/2015,24-25/2015,2015-06-16 10:58:07,
1,25/2016,24-25/2016,2016-06-21 15:00:56,
1,25/2017,25-26/2017,2017-06-19 16:36:11,
1,25/2018,24-25/2018,2018-06-18 08:57:42,
1,25/2019,24-25/2019,2019-06-17 09:38:55,
1,25/2020,24-25/2020,2020-06-15 09:41:27,
1,25/2021,25-26/2021,2021-06-23 12:30:09,
1,25/2022,25-26/2022,2022-06-20 14:28:18,
1,25/2023,25-26/2023,2023-06-19 08:53:21,
1,25/2024,24-25/2024,2024-06-17 08:44:08,
1,25/2025,25-27/2025,2025-06-16 10:45:16,
1,26/2008,26-27/2008,2008-06-20 14:40:38,2008-06-20 14:41:15
1,26/2009,26-27/2009,2009-06-19 19:23:23,2009-06-19 19:23:35
1,26/2010,25-26/2010,2010-06-25 15:56:29,
1,26/2011,26-27/2011,2011-06-24 18:12:30,2011-06-24 18:21:55
1,26/2012,26-27/2012,2012-06-22 18:34:38,2012-06-22 18:35:18
1,26/2013,25-26/2013,2013-06-24 09:52:44,
1,26/2014,26-27/2014,2014-06-20 17:43:19,2014-06-20 17:48:57
1,26/2015,26-27/2015,2015-06-19 18:37:03,2015-06-19 18:38:44
1,26/2016,26-27/2016,2016-06-28 10:12:33,2016-06-28 11:52:31
1,26/2017,25-26/2017,2017-06-26 09:21:29,
1,26/2018,26-27/2018,2018-06-26 10:44:06,
1,26/2019,26-27/2019,2019-06-25 22:27:48,
1,26/2020,26-27/2020,2020-06-23 22:17:56,
1,26/2021,25-26/2021,2021-06-29 09:34:33,
1,26/2022,25-26/2022,2022-06-27 08:55:46,
1,26/2023,25-26/2023,2023-06-26 09:01:00,
1,26/2024,26-27/2024,2024-06-28 08:52:51,
1,26/2025,25-27/2025,2025-06-23 08:16:39,
1,27/2008,26-27/2008,2008-06-30 15:57:25,
1,27/2009,26-27/2009,2009-07-03 20:13:32,
1,27/2010,27-28/2010,2010-07-02 17:08:24,2010-07-02 18:48:24
1,27/2011,26-27/2011,2011-06-30 15:17:44,
1,27/2012,26-27/2012,2012-07-03 10:47:36,
1,27/2013,27-28/2013,2013-06-28 17:35:22,2013-06-28 17:36:51
1,27/2014,26-27/2014,2014-06-30 15:10:17,
1,27/2015,26-27/2015,2015-06-29 17:06:05,
1,27/2016,26-27/2016,2016-07-05 12:03:20,
1,27/2017,27-28/2017,2017-07-04 08:58:20,
1,27/2018,26-27/2018,2018-07-02 08:28:46,
1,27/2019,26-27/2019,2019-07-01 09:13:08,2019-07-09 15:52:05
1,27/2020,26-27/2020,2020-06-29 09:14:29,
1,27/2021,27-28/2021,2021-07-07 09:23:28,
1,27/2022,27-28/2022,2022-07-04 14:58:21,
1,27/2023,27-28/2023,2023-07-03 08:47:44,
1,27/2024,26-27/2024,2024-07-01 08:38:52,
1,27/2025,25-27/2025,2025-07-07 08:21:22,
1,28/2008,28-29/2008,2008-07-04 17:16:37,2008-07-04 17:17:01
1,28/2009,28-29/2009,2009-07-03 20:13:44,2009-07-03 20:28:15
1,28/2010,27-28/2010,2010-07-08 10:39:33,
1,28/2011,28-29/2011,2011-07-08 20:36:20,2011-07-08 20:36:33
1,28/2012,28-29/2012,2012-07-04 10:10:11,2012-07-04 10:18:18
1,28/2013,27-28/2013,2013-07-09 10:41:13,
1,28/2014,28-29/2014,2014-07-04 17:28:03,2014-07-04 18:08:53
1,28/2015,28-29/2015,2015-07-03 17:29:15,2015-07-03 17:38:03
1,28/2016,28-29/2016,2016-07-11 17:48:43,2016-07-11 17:55:00
1,28/2017,27-28/2017,2017-07-11 08:21:31,
1,28/2018,28-29/2018,2018-07-10 11:09:32,
1,28/2019,28-29/2019,2019-07-09 15:53:17,
1,28/2020,28-29/2020,2020-07-07 22:04:08,
1,28/2021,27-28/2021,2021-07-13 11:06:40,
1,28/2022,27-28/2022,2022-07-11 08:49:00,
1,28/2023,27-28/2023,2023-07-10 08:58:34,
1,28/2024,28-29/2024,2024-07-08 08:39:22,
1,28/2025,28-30/2025,2025-07-07 08:22:40,
1,29/2008,28-29/2008,2008-07-11 11:55:57,
1,29/2009,28-29/2009,2009-07-09 17:06:15,
1,29/2010,29-30/2010,2010-07-16 17:14:24,2010-07-16 17:24:55
1,29/2011,28-29/2011,2011-07-18 09:44:16,
1,29/2012,28-29/2012,2012-07-16 14:40:02,
1,29/2013,29-30/2013,2013-07-12 19:59:08,2013-07-12 20:05:18
1,29/2014,28-29/2014,2014-07-14 15:46:36,
1,29/2015,28-29/2015,2015-07-12 18:56:04,
1,29/2016,28-29/2016,2016-07-20 10:39:19,
1,29/2017,29-31/2017,2017-07-18 15:47:52,
1,29/2018,28-29/2018,2018-07-23 09:25:20,
1,29/2019,28-29/2019,2019-07-15 08:59:31,
1,29/2020,28-29/2020,2020-07-13 10:03:25,
1,29/2021,29-31/2021,2021-07-20 17:07:59,
1,29/2022,29-31/2022,2022-07-21 12:12:23,
1,29/2023,29-31/2023,2023-07-17 07:30:04,
1,29/2024,28-29/2024,2024-07-15 09:02:19,
1,29/2025,28-30/2025,2025-07-14 08:23:31,
1,30/2008,30-31/2008,2008-07-18 16:07:55,2008-07-18 16:12:13
1,30/2009,30-31/2009,2009-07-17 17:59:18,2009-07-17 17:59:39
1,30/2010,29-30/2010,2010-07-26 12:51:21,
1,30/2011,30-31/2011,2011-07-22 18:27:04,2011-07-22 18:40:41
1,30/2012,30-31/2012,2012-07-20 19:24:13,2012-07-20 19:24:47
1,30/2013,29-30/2013,2013-07-23 15:00:41,
1,30/2014,30-31/2014,2014-07-18 17:10:25,2014-07-18 18:19:11
1,30/2015,30-31/2015,2015-07-17 17:59:14,2015-07-17 18:11:15
1,30/2016,30-32/2016,2016-07-25 18:30:16,2016-07-25 18:34:31
1,30/2017,29-31/2017,2017-07-24 09:16:54,
1,30/2018,30-32/2018,2018-07-24 13:54:55,
1,30/2019,30-32/2019,2019-07-23 15:28:49,
1,30/2020,30-32/2020,2020-07-21 20:23:22,
1,30/2021,29-31/2021,2021-07-26 09:08:12,
1,30/2022,29-31/2022,2022-07-25 08:49:31,
1,30/2023,29-31/2023,2023-07-24 08:47:48,
1,30/2024,30-31/2024,2024-07-22 08:43:32,
1,30/2025,28-30/2025,2025-07-21 08:09:20,
1,31/2008,30-31/2008,2008-07-25 09:35:26,
1,31/2009,30-31/2009,2009-07-24 12:51:38,
1,31/2010,31-33/2010,2010-07-30 17:33:31,2010-07-30 17:34:31
1,31/2011,30-31/2011,2011-07-29 16:23:44,
1,31/2012,30-31/2012,2012-07-30 15:55:08,
1,31/2013,31-32/2013,2013-07-26 16:50:55,2013-07-26 16:53:07
1,31/2014,30-31/2014,2014-07-28 11:39:05,
1,31/2015,30-31/2015,2015-07-27 15:12:25,
1,31/2016,30-32/2016,2016-08-02 09:41:42,
1,31/2017,29-31/2017,2017-07-31 08:49:33,
1,31/2018,30-32/2018,2018-07-30 09:05:20,
1,31/2019,30-32/2019,2019-08-05 13:26:30,
1,31/2020,30-32/2020,2020-07-27 10:44:48,
1,31/2021,29-31/2021,2021-08-04 09:26:54,
1,31/2022,29-31/2022,2022-08-01 08:06:29,
1,31/2023,29-31/2023,2023-07-31 09:20:41,
1,31/2024,30-31/2024,2024-08-01 14:31:23,
1,31/2025,31-33/2025,2025-07-31 09:13:48,
1,32/2008,32-34/2008,2008-08-01 16:19:18,2008-08-01 16:19:54
1,32/2009,32-34/2009,2009-07-31 16:31:30,2009-07-31 16:33:00
1,32/2010,31-33/2010,2010-08-17 09:28:10,
1,32/2011,32-34/2011,2011-08-05 19:13:51,2011-08-05 19:18:18
1,32/2012,32-34/2012,2012-08-03 19:00:46,2012-08-03 19:02:28
1,32/2013,31-32/2013,2013-08-06 14:43:16,
1,32/2014,32-34/2014,2014-08-01 17:28:20,2014-08-01 17:33:31
1,32/2015,32-33/2015,2015-07-31 18:24:29,2015-07-31 18:27:52
1,32/2016,30-32/2016,2016-08-09 11:30:11,
1,32/2017,32-34/2017,2017-08-08 10:50:49,
1,32/2018,30-32/2018,2018-08-06 11:18:17,
1,32/2019,30-32/2019,2019-08-05 17:03:38,
1,32/2020,30-32/2020,2020-08-03 09:28:30,
1,32/2021,32-34/2021,2021-08-11 14:12:57,
1,32/2022,32-34/2022,2022-08-09 11:45:47,
1,32/2023,32-34/2023,2023-08-08 08:28:58,
1,32/2024,32-33/2024,2024-08-06 17:05:51,
1,32/2025,31-33/2025,2025-08-11 09:17:39,
1,33/2008,32-34/2008,2008-08-11 09:42:06,
1,33/2009,32-34/2009,2009-08-24 15:49:15,
1,33/2010,31-33/2010,2010-08-17 09:28:28,
1,33/2011,32-34/2011,2011-08-22 13:59:31,
1,33/2012,32-34/2012,2012-08-15 16:10:51,
1,33/2013,33-35/2013,2013-08-09 17:48:32,2013-08-09 17:51:58
1,33/2014,32-34/2014,2014-08-12 14:52:18,
1,33/2015,32-33/2015,2015-08-10 15:11:58,
1,33/2016,33-35/2016,2016-08-17 15:36:01,2016-08-17 15:39:44
1,33/2017,32-34/2017,2017-08-14 10:27:57,
1,33/2018,33-35/2018,2018-08-14 13:40:55,
1,33/2019,33-35/2019,2019-08-13 17:19:03,
1,33/2020,33-35/2020,2020-08-12 08:12:05,
1,33/2021,32-34/2021,2021-08-19 16:25:45,
1,33/2022,32-34/2022,2022-08-15 08:43:50,
1,33/2023,32-34/2023,2023-08-14 09:29:23,
1,33/2024,32-33/2024,2024-08-12 09:24:33,
1,33/2025,31-33/2025,2025-08-15 15:54:51,
1,34/2008,32-34/2008,2008-08-15 17:39:02,
1,34/2009,32-34/2009,2009-08-24 15:49:22,
1,34/2010,34-35/2010,2010-08-20 16:55:16,2010-08-20 16:55:48
1,34/2011,32-34/2011,2011-08-22 14:54:20,
1,34/2012,32-34/2012,2012-08-20 14:30:14,
1,34/2013,33-35/2013,2013-08-26 19:43:25,
1,34/2014,32-34/2014,2014-08-18 10:01:04,
1,34/2015,34-36/2015,2015-08-14 18:12:40,2015-08-14 18:37:43
1,34/2016,33-35/2016,2016-08-22 10:55:15,
1,34/2017,32-34/2017,2017-08-21 09:04:33,
1,34/2018,33-35/2018,2018-08-27 09:16:10,
1,34/2019,33-35/2019,2019-08-19 09:44:51,
1,34/2020,33-35/2020,2020-08-17 16:46:54,
1,34/2021,32-34/2021,2021-08-31 09:22:07,
1,34/2022,32-34/2022,2022-08-19 16:27:46,
1,34/2023,32-34/2023,2023-08-21 08:54:12,
1,34/2024,34-35/2024,2024-08-19 08:51:41,
1,34/2025,34-35/2025,2025-08-19 15:00:38,
1,35/2008,35-36/2008,2008-08-22 14:39:42,2008-08-22 14:40:07
1,35/2009,35-36/2009,2009-08-24 15:49:37,2009-08-24 15:50:17
1,35/2010,34-35/2010,2010-08-25 09:07:43,
1,35/2011,35-36/2011,2011-08-26 18:32:58,2011-08-26 18:34:36
1,35/2012,35-36/2012,2012-08-24 16:50:37,2012-08-24 16:51:30
1,35/2013,33-35/2013,2013-08-26 19:44:20,
1,35/2014,35-36/2014,2014-08-25 16:21:16,2014-08-25 16:43:53
1,35/2015,34-36/2015,2015-08-26 16:24:30,
1,35/2016,33-35/2016,2016-08-29 14:37:14,
1,35/2017,35-36/2017,2017-08-29 15:27:54,
1,35/2018,33-35/2018,2018-08-27 09:18:27,
1,35/2019,33-35/2019,2019-08-28 09:41:10,
1,35/2020,33-35/2020,2020-08-24 09:58:28,
1,35/2021,35-36/2021,2021-09-01 07:56:10,
1,35/2022,35-36/2022,2022-08-29 14:24:12,
1,35/2023,35-36/2023,2023-08-28 08:34:02,
1,35/2024,34-35/2024,2024-08-26 08:11:08,
1,35/2025,34-35/2025,2025-08-25 08:17:42,
1,36/2008,35-36/2008,2008-08-29 15:41:03,
1,36/2009,35-36/2009,2009-08-28 11:08:47,
1,36/2010,36-37/2010,2010-09-03 17:19:37,2010-09-03 17:20:02
1,36/2011,35-36/2011,2011-09-02 15:45:26,
1,36/2012,35-36/2012,2012-09-03 09:28:48,
1,36/2013,36-37/2013,2013-08-30 19:04:30,2013-08-30 19:05:23
1,36/2014,35-36/2014,2014-09-01 18:35:45,
1,36/2015,34-36/2015,2015-08-31 11:56:06,
1,36/2016,36-37/2016,2016-09-05 16:36:34,2016-09-05 16:44:36
1,36/2017,35-36/2017,2017-09-12 14:19:11,
1,36/2018,36-37/2018,2018-09-04 09:27:01,
1,36/2019,36-37/2019,2019-09-03 17:20:41,
1,36/2020,36-37/2020,2020-09-01 21:52:51,
1,36/2021,35-36/2021,2021-09-06 10:15:42,
1,36/2022,35-36/2022,2022-09-05 08:57:59,
1,36/2023,35-36/2023,2023-09-04 10:17:14,
1,36/2024,36-37/2024,2024-09-02 08:22:42,
1,36/2025,36-37/2025,2025-09-02 16:35:27,
1,37/2008,37-38/2008,2008-09-05 18:32:50,2008-09-05 18:33:11
1,37/2009,37-38/2009,2009-09-04 16:16:57,2009-09-04 16:17:08
1,37/2010,36-37/2010,2010-09-03 17:30:58,
1,37/2011,37-38/2011,2011-09-07 17:58:43,2011-09-07 17:59:28
1,37/2012,37-38/2012,2012-09-10 16:57:01,2012-09-10 17:01:58
1,37/2013,36-37/2013,2013-09-10 11:58:21,
1,37/2014,37-38/2014,2014-09-05 18:29:40,2014-09-05 19:39:42
1,37/2015,37-38/2015,2015-09-04 18:11:15,2015-09-04 18:30:58
1,37/2016,36-37/2016,2016-09-12 13:33:08,
1,37/2017,37-38/2017,2017-09-12 14:19:39,
1,37/2018,36-37/2018,2018-09-10 08:28:41,
1,37/2019,36-37/2019,2019-09-17 17:17:29,
1,37/2020,36-37/2020,2020-09-15 14:14:18,
1,37/2021,37-38/2021,2021-09-15 16:10:11,
1,37/2022,37-38/2022,2022-09-12 08:58:21,
1,37/2023,37-38/2023,2023-09-11 08:51:33,
1,37/2024,36-37/2024,2024-09-09 08:48:50,
1,37/2025,36-37/2025,2025-09-08 08:46:13,
1,38/2008,37-38/2008,2008-09-10 19:31:22,2008-09-10 20:31:34
1,38/2009,37-38/2009,2009-09-09 17:23:06,
1,38/2010,38-39/2010,2010-09-17 17:08:15,2010-09-17 17:58:33
1,38/2011,37-38/2011,2011-09-09 12:14:02,
1,38/2012,37-38/2012,2012-09-17 14:04:48,
1,38/2013,38-39/2013,2013-09-13 16:35:01,2013-09-13 17:59:04
1,38/2014,37-38/2014,2014-09-15 10:12:31,
1,38/2015,37-38/2015,2015-09-14 12:29:47,
1,38/2016,38-39/2016,2016-09-19 18:27:20,2016-09-19 18:31:45
1,38/2017,37-38/2017,2017-09-18 09:09:47,
1,38/2018,38-39/2018,2018-09-18 16:57:46,
1,38/2019,38-39/2019,2019-09-17 17:18:04,
1,38/2020,38-39/2020,2020-09-15 22:11:52,
1,38/2021,37-38/2021,2021-09-20 13:33:44,
1,38/2022,37-38/2022,2022-09-26 09:27:05,
1,38/2023,37-38/2023,2023-09-18 08:39:07,
1,38/2024,38-39/2024,2024-09-16 08:15:58,
1,38/2025,38-39/2025,2025-09-18 14:20:06,
1,39/2008,39-40/2008,2008-09-19 14:51:58,2008-09-19 14:53:58
1,39/2009,39-40/2009,2009-09-18 12:41:29,2009-09-18 13:15:36
1,39/2010,38-39/2010,2010-09-21 16:33:28,
1,39/2011,39-40/2011,2011-09-23 19:02:15,2011-09-23 21:30:35
1,39/2012,39-40/2012,2012-09-21 18:13:38,2012-09-21 18:15:37
1,39/2013,38-39/2013,2013-09-23 13:10:40,
1,39/2014,39-40/2014,2014-09-19 18:14:28,2014-09-19 23:02:28
1,39/2015,39-40/2015,2015-09-18 15:50:33,2015-09-18 16:01:14
1,39/2016,38-39/2016,2016-09-26 09:31:55,
1,39/2017,39-40/2017,2017-09-26 11:43:51,
1,39/2018,38-39/2018,2018-09-24 11:28:04,
1,39/2019,38-39/2019,2019-09-23 11:35:38,
1,39/2020,38-39/2020,2020-09-21 10:35:16,
1,39/2021,39-40/2021,2021-09-29 09:42:07,
1,39/2022,39-40/2022,2022-09-30 08:39:45,
1,39/2023,39-40/2023,2023-09-25 09:19:14,
1,39/2024,38-39/2024,2024-09-23 09:13:59,
1,39/2025,38-39/2025,2025-09-22 09:04:51,
1,40/2008,39-40/2008,2008-10-03 17:25:05,
1,40/2009,39-40/2009,2009-09-25 12:17:44,
1,40/2010,40-41/2010,2010-10-01 18:18:17,2010-10-04 09:22:45
1,40/2011,39-40/2011,2011-10-03 11:00:25,
1,40/2012,39-40/2012,2012-10-02 09:45:49,
1,40/2013,40-41/2013,2013-09-27 10:31:26,2013-09-27 10:55:29
1,40/2014,39-40/2014,2014-09-29 09:49:58,
1,40/2015,39-40/2015,2015-09-28 12:38:08,
1,40/2016,40-41/2016,2016-10-03 21:12:03,2016-10-03 21:14:23
1,40/2017,39-40/2017,2017-10-09 14:18:35,
1,40/2018,40-41/2018,2018-10-02 15:18:21,
1,40/2019,40-41/2019,2019-10-02 17:10:39,
1,40/2020,40-41/2020,2020-09-30 14:38:36,
1,40/2021,39-40/2021,2021-10-05 13:54:31,
1,40/2022,39-40/2022,2022-10-10 09:51:42,
1,40/2023,39-40/2023,2023-10-02 08:28:55,
1,40/2024,40-41/2024,2024-09-30 08:55:23,
1,40/2025,40-41/2025,2025-10-01 15:13:32,
1,41/2008,41-42/2008,2008-10-03 17:25:28,2008-10-03 17:32:35
1,41/2009,41-42/2009,2009-10-02 16:10:51,2009-10-02 16:11:02
1,41/2010,40-41/2010,2010-10-05 12:07:54,
1,41/2011,41-42/2011,2011-10-07 18:42:13,2011-10-07 19:46:44
1,41/2012,41-42/2012,2012-10-05 16:30:24,2012-10-05 16:45:17
1,41/2013,40-41/2013,2013-10-07 14:44:21,
1,41/2014,41-42/2014,2014-10-03 16:57:30,2014-10-03 18:14:23
1,41/2015,41-42/2015,2015-10-02 17:35:45,2015-10-02 18:12:18
1,41/2016,40-41/2016,2016-10-10 10:00:25,
1,41/2017,41-42/2017,2017-10-10 13:34:22,
1,41/2018,40-41/2018,2018-10-08 08:37:03,
1,41/2019,40-41/2019,2019-10-14 12:28:55,
1,41/2020,40-41/2020,2020-10-13 16:52:57,
1,41/2021,41-42/2021,2021-10-13 13:44:58,
1,41/2022,41-42/2022,2022-10-12 15:20:23,
1,41/2023,41-42/2023,2023-10-09 09:08:00,
1,41/2024,40-41/2024,2024-10-09 16:50:11,
1,41/2025,40-41/2025,2025-10-06 08:08:37,
1,42/2008,41-42/2008,2008-10-10 15:37:29,
1,42/2009,41-42/2009,2009-10-12 10:11:39,
1,42/2010,42-43/2010,2010-10-18 17:01:22,2010-10-18 17:05:34
1,42/2011,41-42/2011,2011-10-19 22:15:13,
1,42/2012,41-42/2012,2012-10-15 14:41:03,
1,42/2013,42-43/2013,2013-10-11 17:11:21,2013-10-11 17:12:35
1,42/2014,41-42/2014,2014-10-13 12:23:04,
1,42/2015,41-42/2015,2015-10-12 10:06:54,
1,42/2016,42-43/2016,2016-10-19 14:38:38,
1,42/2017,41-42/2017,2017-10-24 13:41:20,
1,42/2018,42-43/2018,2018-10-16 16:19:08,
1,42/2019,42-43/2019,2019-10-15 16:59:39,
1,42/2020,42-43/2020,2020-10-13 21:41:25,
1,42/2021,41-42/2021,2021-10-20 16:20:23,
1,42/2022,41-42/2022,2022-10-17 08:44:48,
1,42/2023,41-42/2023,2023-10-16 09:05:31,
1,42/2024,42-43/2024,2024-10-14 09:16:02,
1,42/2025,42-43/2025,2025-10-15 09:09:31,
1,43/2008,43/2008,2008-10-17 21:53:29,2008-10-17 22:09:35
1,43/2009,43-44/2009,2009-10-16 16:59:03,2009-10-16 16:59:14
1,43/2010,42-43/2010,2010-10-21 14:32:40,
1,43/2011,43-44/2011,2011-10-21 17:38:05,2011-10-21 18:44:46
1,43/2012,43-44/2012,2012-10-19 18:00:48,2012-10-19 18:01:30
1,43/2013,42-43/2013,2013-10-21 16:17:26,
1,43/2014,43-44/2014,2014-10-17 18:27:51,2014-10-17 20:26:45
1,43/2015,43-44/2015,2015-10-16 16:23:09,2015-10-16 16:48:38
1,43/2016,42-43/2016,2016-10-24 08:39:22,
1,43/2017,43-44/2017,2017-10-24 17:28:41,
1,43/2018,42-43/2018,2018-10-30 17:24:58,
1,43/2019,42-43/2019,2019-10-21 09:55:14,2019-10-28 09:23:58
1,43/2020,42-43/2020,2020-10-19 08:52:03,
1,43/2021,43-44/2021,2021-10-27 16:29:20,
1,43/2022,43-44/2022,2022-10-24 08:41:08,
1,43/2023,43-44/2023,2023-10-23 08:53:14,
1,43/2024,42-43/2024,2024-10-18 18:44:51,
1,43/2025,42-43/2025,2025-10-29 11:26:59,
1,44/2008,44/2008,2008-10-23 13:55:15,
1,44/2009,43-44/2009,2009-10-23 15:25:01,
1,44/2010,44-45/2010,2010-10-29 16:51:30,2010-10-29 16:51:55
1,44/2011,43-44/2011,2011-10-27 09:49:13,
1,44/2012,43-44/2012,2012-10-29 14:27:42,
1,44/2013,44-45/2013,2013-10-25 18:46:45,2013-10-25 19:35:41
1,44/2014,43-44/2014,2014-10-29 14:44:47,
1,44/2015,43-44/2015,2015-10-27 10:09:27,
1,44/2016,44-45/2016,2016-10-31 14:15:13,
1,44/2017,43-44/2017,2017-11-06 15:01:17,
1,44/2018,44-45/2018,2018-10-30 17:25:54,
1,44/2019,44-45/2019,2019-10-29 10:38:27,
1,44/2020,44-45/2020,2020-10-27 21:29:37,
1,44/2021,43-44/2021,2021-11-01 13:57:01,
1,44/2022,43-44/2022,2022-10-31 08:39:32,
1,44/2023,43-44/2023,2023-11-06 09:25:18,
1,44/2024,44-45/2024,2024-10-31 15:10:05,
1,44/2025,44-45/2025,2025-10-29 19:27:04,
1,45/2008,45-46/2008,2008-10-31 17:19:12,2008-10-31 17:20:43
1,45/2009,45-46/2009,2009-10-30 14:14:13,2009-10-30 14:14:31
1,45/2010,44-45/2010,2010-11-01 17:59:00,
1,45/2011,45-46/2011,2011-11-04 17:57:31,2011-11-04 19:10:23
1,45/2012,45-46/2012,2012-11-02 16:50:04,2012-11-02 16:53:00
1,45/2013,44-45/2013,2013-11-04 10:26:02,
1,45/2014,45-46/2014,2014-10-31 17:50:08,2014-10-31 19:07:42
1,45/2015,45-46/2015,2015-10-30 16:50:39,2015-10-30 17:03:59
1,45/2016,44-45/2016,2016-11-14 09:03:58,
1,45/2017,45-46/2017,2017-11-07 11:56:02,
1,45/2018,44-45/2018,2018-11-05 13:41:53,
1,45/2019,44-45/2019,2019-10-29 10:38:59,
1,45/2020,44-45/2020,2020-11-05 14:25:36,
1,45/2021,45-46/2021,2021-11-10 14:59:20,
1,45/2022,45-46/2022,2022-11-07 08:50:02,
1,45/2023,45-46/2023,2023-11-06 09:25:42,
1,45/2024,44-45/2024,2024-11-04 08:24:59,
1,45/2025,44-45/2025,2025-11-03 08:27:22,
1,46/2008,45-46/2008,2008-11-06 15:20:11,
1,46/2009,45-46/2009,2009-11-06 16:40:35,
1,46/2010,46-47/2010,2010-11-12 18:51:08,2010-11-12 18:51:27
1,46/2011,45-46/2011,2011-11-11 10:47:04,
1,46/2012,45-46/2012,2012-11-12 14:00:01,
1,46/2013,46-47/2013,2013-11-08 16:28:00,2013-11-08 16:45:18
1,46/2014,45-46/2014,2014-11-10 16:23:39,
1,46/2015,45-46/2015,2015-11-09 15:14:51,
1,46/2016,46-47/2016,2016-11-14 16:41:46,
1,46/2017,45-46/2017,2017-11-13 09:25:08,
1,46/2018,46-47/2018,2018-11-13 17:18:42,
1,46/2019,46-47/2019,2019-11-12 18:09:40,
1,46/2020,46-47/2020,2020-11-10 16:27:01,
1,46/2021,45-46/2021,2021-11-15 13:48:31,
1,46/2022,45-46/2022,2022-11-14 08:52:16,
1,46/2023,45-46/2023,2023-11-13 08:49:26,
1,46/2024,46-47/2024,2024-11-14 15:16:07,
1,46/2025,46-47/2025,2025-11-12 11:30:11,
1,47/2008,47-48/2008,2008-11-14 17:06:06,2008-11-14 17:07:36
1,47/2009,47-48/2009,2009-11-13 15:12:20,2009-11-13 16:32:34
1,47/2010,46-47/2010,2010-11-12 18:57:15,2010-11-15 19:58:17
1,47/2011,47-48/2011,2011-11-18 17:51:51,2011-11-18 18:33:45
1,47/2012,47-48/2012,2012-11-16 18:02:10,2012-11-16 18:05:34
1,47/2013,46-47/2013,2013-11-18 09:54:51,
1,47/2014,47-48/2014,2014-11-14 17:56:44,2014-11-14 18:16:51
1,47/2015,47-48/2015,2015-11-13 16:53:59,2015-11-13 17:14:38
1,47/2016,46-47/2016,2016-11-21 09:04:39,
1,47/2017,47-49/2017,2017-11-21 15:34:06,
1,47/2018,46-47/2018,2018-11-27 10:11:26,
1,47/2019,46-47/2019,2019-11-26 18:00:23,
1,47/2020,46-47/2020,2020-11-16 09:16:26,
1,47/2021,47-48/2021,2021-11-24 09:19:25,
1,47/2022,47-48/2022,2022-11-21 08:22:49,
1,47/2023,47-48/2023,2023-11-20 08:20:23,
1,47/2024,46-47/2024,2024-11-27 14:50:09,
1,48/2008,47-48/2008,2008-11-20 16:16:02,
1,48/2009,47-48/2009,2009-11-19 17:22:38,
1,48/2010,48-49/2010,2010-11-26 17:50:13,2010-11-30 13:26:53
1,48/2011,47-48/2011,2011-11-29 16:13:45,
1,48/2012,47-48/2012,2012-11-26 08:52:55,
1,48/2013,48-49/2013,2013-11-22 17:56:23,2013-11-25 08:25:45
1,48/2014,47-48/2014,2014-11-24 15:03:26,
1,48/2015,47-48/2015,2015-11-23 12:23:17,
1,48/2016,48-49/2016,2016-11-28 15:42:50,
1,48/2017,47-49/2017,2017-12-11 16:56:04,
1,48/2018,48-49/2018,2018-11-27 16:46:01,
1,48/2019,48-49/2019,2019-11-26 18:00:58,
1,48/2020,48-49/2020,2020-11-24 12:14:07,
1,48/2021,47-48/2021,2021-11-30 11:34:49,
1,48/2022,47-48/2022,2022-11-28 08:47:11,
1,48/2023,47-48/2023,2023-12-04 09:14:53,
1,48/2024,48-49/2024,2024-11-27 14:50:47,
1,49/2008,49-50/2008,2008-11-28 16:06:08,2008-12-03 17:49:15
1,49/2009,49-50/2009,2009-11-27 15:33:16,2009-11-27 15:35:42
1,49/2010,48-49/2010,2010-12-02 18:02:28,
1,49/2011,49-50/2011,2011-12-02 15:01:58,
1,49/2012,49-50/2012,2012-11-30 18:52:20,2012-11-30 18:53:15
1,49/2013,48-49/2013,2013-12-03 13:55:19,
1,49/2014,49-50/2014,2014-11-28 19:00:35,2014-11-28 19:15:54
1,49/2015,49-50/2015,2015-11-27 18:09:49,2015-11-27 18:24:19
1,49/2016,48-49/2016,2016-12-05 16:56:07,
1,49/2017,47-49/2017,2017-12-11 16:57:04,
1,49/2018,48-49/2018,2018-12-11 11:47:26,
1,49/2019,48-49/2019,2019-12-10 13:27:46,
1,49/2020,48-49/2020,2020-12-07 17:09:10,
1,49/2021,49-51/2021,2021-12-08 13:34:08,
1,49/2022,49-50/2022,2022-12-05 08:57:55,
1,49/2023,49-51/2023,2023-12-04 09:15:26,
1,49/2024,48-49/2024,2024-12-02 08:01:03,
1,50/2008,49-50/2008,2008-12-04 16:46:50,
1,50/2009,49-50/2009,2009-12-04 13:15:26,
1,50/2010,50-02/2011,2010-12-10 17:38:33,2010-12-13 10:30:06
1,50/2011,49-50/2011,2011-12-02 18:44:07,2011-12-02 18:45:10
1,50/2012,49-50/2012,2012-12-10 12:01:59,
1,50/2013,50-51/2013,2013-12-06 16:51:36,2013-12-06 17:14:21
1,50/2014,49-50/2014,2014-12-08 15:02:47,
1,50/2015,49-50/2015,2015-12-07 11:57:43,
1,50/2016,50-51/2016,2016-12-12 14:34:50,
1,50/2017,50-52/2017,2017-12-12 18:05:59,
1,50/2018,50-52/2018,2018-12-11 17:04:30,
1,50/2019,50-51/2019,2019-12-10 14:36:24,
1,50/2020,50-01/2021,2020-12-08 13:34:37,
1,50/2021,49-51/2021,2021-12-13 16:30:24,
1,50/2022,49-50/2022,2022-12-12 09:26:32,
1,50/2023,49-51/2023,2023-12-11 09:30:37,
1,50/2024,50-51/2024,2024-12-10 10:25:47,
1,51/2007,51-03/2008,2008-01-09 15:23:44,2008-01-09 09:09:27
1,51/2008,51-02/2009,2008-12-12 16:45:23,2008-12-12 16:56:35
1,51/2009,51-01/2010,2009-12-11 16:01:13,2009-12-11 16:02:33
1,51/2010,50-02/2011,2010-12-20 10:50:50,
1,51/2011,51-52/2011,2011-12-16 15:36:12,2011-12-16 17:20:49
1,51/2012,51-03/2013,2012-12-14 16:56:43,2012-12-21 17:02:37
1,51/2013,50-51/2013,2013-12-16 10:50:19,
1,51/2014,51-02/2015,2014-12-12 18:41:58,2014-12-12 18:57:23
1,51/2015,51-02/2016,2015-12-14 15:58:13,2015-12-14 16:44:02
1,51/2016,50-51/2016,2016-12-19 09:15:54,
1,51/2017,50-52/2017,2017-12-18 09:24:40,
1,51/2018,50-52/2018,2018-12-17 14:44:53,
1,51/2019,50-51/2019,2019-12-16 08:55:06,
1,51/2020,50-01/2021,2021-01-11 12:23:27,
1,51/2021,49-51/2021,2022-01-06 10:43:30,
1,51/2022,51-52/2022,2023-01-05 09:16:13,
1,51/2023,49-51/2023,2023-12-18 09:15:29,
1,51/2024,50-51/2024,2024-12-16 08:31:02,
1,52/2007,51-03/2008,2008-01-09 11:32:11,
1,52/2008,51-02/2009,2008-12-18 15:02:38,
1,52/2009,51-01/2010,2010-01-08 15:13:05,
1,52/2010,50-02/2011,2011-01-14 16:44:33,
1,52/2011,51-52/2011,2012-01-10 14:56:21,
1,52/2012,51-03/2013,2013-01-07 14:24:29,
1,52/2013,52-03/2014,2013-12-18 16:49:13,2013-12-18 17:13:15
1,52/2014,51-02/2015,2015-01-05 16:41:03,
1,52/2015,51-02/2016,2015-12-28 18:08:06,
1,52/2016,52-01/2017,2017-01-16 17:03:01,
1,52/2017,50-52/2017,2018-01-15 10:17:17,
1,52/2018,50-52/2018,2019-01-08 14:45:46,
1,52/2019,52-01/2020,2020-01-06 08:26:04,
1,52/2020,50-01/2021,2021-01-11 12:25:13,
1,52/2022,51-52/2022,2023-01-09 09:12:50,
1,52/2023,52/2023,2024-01-15 08:45:59,
1,52/2024,52/2024,2025-01-13 14:35:10,
1,53/2007,51-03/2008,2008-01-09 11:32:52,
